<?xml version='1.0' encoding='utf-8'?>
<!DOCTYPE hibernate-configuration PUBLIC
        "-//Hibernate/Hibernate Configuration DTD 3.0//EN"
        "http://hibernate.sourceforge.net/hibernate-configuration-3.0.dtd">
 
<hibernate-configuration>
    <session-factory>
        <!-- Database connection settings -->
        <property name="connection.driver_class">net.sourceforge.jtds.jdbc.Driver</property>
        <property name="connection.url">jdbc:jtds:sqlserver://localhost:1433/BaoDienTu</property>
        <property name="connection.username">sa</property>
        <property name="connection.password">123</property>
        <property name="hibernate.connection.CharSet">utf8</property>
        <property name="hibernate.connection.characterEncoding">utf8</property>
        <property name="hibernate.connection.useUnicode">true</property>
        
        <!-- JDBC connection pool (use the built-in) -->
        <property name="connection.pool_size">1</property>
        
        <!-- SQL dialect -->
        <property name="dialect">org.hibernate.dialect.SQLServerDialect</property>
        
        <property name="current_session_context_class">thread</property>
        
        <!-- Disable the second-level cache  -->
        <property name="cache.provider_class">org.hibernate.cache.NoCacheProvider</property>
        
        <property name="hibernate.hbm2ddl.auto">create</property>
        <!-- Echo all executed SQL to stdout -->
        <property name="show_sql">true</property>
        
        <!-- Mention here all the model classes along with their package name --> 
 		<mapping class="bath.group3.model.AssociateRole"/>
 		<mapping class="bath.group3.model.Comment"/>
 		<mapping class="bath.group3.model.DetailNewsCal"/>
 		<mapping class="bath.group3.model.FeedBack"/>
 		<mapping class="bath.group3.model.News"/>
 		<mapping class="bath.group3.model.NewsCategory"/>
 		<mapping class="bath.group3.model.Reader"/>
 		<mapping class="bath.group3.model.Role"/>
 		<mapping class="bath.group3.model.Manager"/>
    </session-factory>
</hibernate-configuration>
