<?xml version="1.0"?>
<!DOCTYPE hibernate-mapping PUBLIC "-//Hibernate/Hibernate Mapping DTD 3.0//EN"
"http://www.hibernate.org/dtd/hibernate-mapping-3.0.dtd">
<!-- Generated Dec 13, 2017 11:41:48 PM by Hibernate Tools 4.3.5.Final -->
<hibernate-mapping package="com.fpt.fresher.springmvc.model">
    <class name="TbStudent" table="tb_student">
        <id name="id" column="id">
			<generator class="increment" />
		</id>
		<property name="username" />
		<property name="email" />
		<property name="address" />
		<property name="diemtoan" />
		<property name="diemly" />
		<property name="diemhoa"/>
		<property name="classname"/>
    </class>
</hibernate-mapping>
